epoch,steps,cosine_pearson,cosine_spearman
1.0,50,0.9383839753970498,0.9217202684432471
2.0,100,0.9826167649257107,0.9510731959647891
3.0,150,0.9904240585377722,0.9508908650633623
4.0,200,0.9913105761972958,0.9521421402195058
